-- phpMyAdmin SQL Dump
-- version 4.2.12deb2+deb8u2
-- http://www.phpmyadmin.net
--
-- Client :  localhost
-- Généré le :  Lun 23 Avril 2018 à 16:29
-- Version du serveur :  5.5.58-0+deb8u1
-- Version de PHP :  5.6.33-0+deb8u1

SET SQL_MODE = "NO_AUTO_VALUE_ON_ZERO";
SET time_zone = "+00:00";


/*!40101 SET @OLD_CHARACTER_SET_CLIENT=@@CHARACTER_SET_CLIENT */;
/*!40101 SET @OLD_CHARACTER_SET_RESULTS=@@CHARACTER_SET_RESULTS */;
/*!40101 SET @OLD_COLLATION_CONNECTION=@@COLLATION_CONNECTION */;
/*!40101 SET NAMES utf8 */;

--
-- Base de données :  `HAMISSI_NGUYEN_DB`
--

-- --------------------------------------------------------

--
-- Structure de la table `FRIENDS`
--

CREATE TABLE IF NOT EXISTS `FRIENDS` (
  `source` int(11) NOT NULL,
  `cible` int(11) NOT NULL,
  `timestamp` timestamp NOT NULL DEFAULT CURRENT_TIMESTAMP ON UPDATE CURRENT_TIMESTAMP
) ENGINE=InnoDB DEFAULT CHARSET=latin1;

--
-- Contenu de la table `FRIENDS`
--

INSERT INTO `FRIENDS` (`source`, `cible`, `timestamp`) VALUES
(1, 2, '2018-04-18 10:59:21'),
(1, 3, '2018-04-23 14:08:01'),
(1, 7, '2018-04-18 11:28:06'),
(2, 9, '2018-04-05 14:15:24'),
(2, 10, '2018-04-05 14:15:27'),
(7, 2, '2018-04-18 11:16:18'),
(9, 2, '2018-04-18 11:11:17'),
(9, 10, '2018-04-23 13:42:08'),
(10, 1, '2018-04-21 09:24:21'),
(10, 2, '2018-04-18 11:12:54'),
(10, 9, '2018-04-05 14:14:59'),
(10, 12, '2018-04-21 09:24:24'),
(15, 2, '2018-04-18 14:40:45'),
(17, 14, '2018-04-23 14:26:39');

-- --------------------------------------------------------

--
-- Structure de la table `SESSIONS`
--

CREATE TABLE IF NOT EXISTS `SESSIONS` (
  `key_user` varchar(32) NOT NULL,
  `idUser` int(11) NOT NULL,
  `last_date` timestamp NOT NULL DEFAULT CURRENT_TIMESTAMP ON UPDATE CURRENT_TIMESTAMP
) ENGINE=InnoDB DEFAULT CHARSET=latin1;

--
-- Contenu de la table `SESSIONS`
--

INSERT INTO `SESSIONS` (`key_user`, `idUser`, `last_date`) VALUES
('10621667', 17, '2018-04-23 14:25:46'),
('112703259', 3, '2018-04-23 13:57:12'),
('116130762', 2, '2018-04-23 12:56:00'),
('119104196', 7, '0000-00-00 00:00:00'),
('128182214', 2, '2018-04-23 13:10:15'),
('167655354', 15, '2018-04-23 12:58:45'),
('183435463', 2, '2018-04-23 13:33:50'),
('217334049', 2, '2018-04-21 13:34:20'),
('274310329', 2, '2018-04-23 13:32:13'),
('306017641', 2, '2018-04-21 13:32:56'),
('307395107', 2, '2018-04-23 13:13:44'),
('311139043', 1, '2018-04-21 12:44:58'),
('324522131', 15, '2018-04-23 13:44:06'),
('342217688', 1, '2018-04-23 14:08:12'),
('34764639', 2, '2018-04-23 13:30:37'),
('377582138', 2, '2018-04-23 11:55:44'),
('40383498', 15, '2018-04-23 13:45:58'),
('4654984', 2, '2018-04-23 11:57:17'),
('543732876', 2, '2018-04-23 13:28:21'),
('555608814', 15, '2018-04-23 13:23:42'),
('584152099', 3, '2018-04-21 13:02:59'),
('607301508', 2, '2018-04-23 13:06:20'),
('637769599', 2, '2018-04-23 11:58:13'),
('642223709', 2, '2018-04-23 11:59:32'),
('651861324', 15, '2018-04-23 13:27:36'),
('703069065', 2, '2018-04-21 14:00:28'),
('716848782', 16, '2018-04-23 14:05:26'),
('759541093', 2, '0000-00-00 00:00:00'),
('762772553', 1, '0000-00-00 00:00:00'),
('765792381', 2, '0000-00-00 00:00:00'),
('766255804', 7, '0000-00-00 00:00:00'),
('771598676', 9, '0000-00-00 00:00:00'),
('776871155', 2, '0000-00-00 00:00:00'),
('779080674', 2, '2018-04-23 10:35:42'),
('779746641', 2, '2018-04-23 13:00:43'),
('780627187', 2, '0000-00-00 00:00:00'),
('787465453', 2, '0000-00-00 00:00:00'),
('789895504', 7, '0000-00-00 00:00:00'),
('809540861', 2, '0000-00-00 00:00:00'),
('811674460', 1, '2018-04-21 15:01:48'),
('816742961', 1, '0000-00-00 00:00:00'),
('818367708', 2, '0000-00-00 00:00:00'),
('820765493', 2, '0000-00-00 00:00:00'),
('822579299', 2, '0000-00-00 00:00:00'),
('835125001', 2, '2018-04-23 12:01:34'),
('840501052', 1, '0000-00-00 00:00:00'),
('844928945', 2, '0000-00-00 00:00:00'),
('853294790', 2, '0000-00-00 00:00:00'),
('858996089', 2, '0000-00-00 00:00:00'),
('880620994', 1, '0000-00-00 00:00:00'),
('883607355', 2, '0000-00-00 00:00:00'),
('885704998', 2, '0000-00-00 00:00:00'),
('888707445', 9, '2018-04-21 14:58:36'),
('892140497', 2, '0000-00-00 00:00:00'),
('897135967', 2, '2018-04-21 14:03:04'),
('903231480', 2, '0000-00-00 00:00:00'),
('905227163', 2, '2018-04-21 12:34:26'),
('906405132', 1, '2018-04-21 13:14:10'),
('91183348', 2, '0000-00-00 00:00:00'),
('913679425', 2, '2018-04-23 13:01:57'),
('913971105', 17, '2018-04-23 14:26:42'),
('915498523', 2, '0000-00-00 00:00:00'),
('915601387', 7, '0000-00-00 00:00:00'),
('91743706', 2, '0000-00-00 00:00:00'),
('92814663', 2, '0000-00-00 00:00:00'),
('932698485', 2, '0000-00-00 00:00:00'),
('944480982', 9, '2018-04-23 14:17:54'),
('946408154', 2, '0000-00-00 00:00:00'),
('970776298', 2, '0000-00-00 00:00:00'),
('972502000', 1, '0000-00-00 00:00:00'),
('979655996', 2, '0000-00-00 00:00:00'),
('980962847', 1, '2018-04-21 13:27:52'),
('983082108', 14, '0000-00-00 00:00:00'),
('987383646', 7, '0000-00-00 00:00:00'),
('988042733', 16, '2018-04-23 14:03:46'),
('995726743', 2, '0000-00-00 00:00:00');

-- --------------------------------------------------------

--
-- Structure de la table `USERS`
--

CREATE TABLE IF NOT EXISTS `USERS` (
`id` int(11) NOT NULL,
  `login` varchar(32) NOT NULL,
  `password` blob NOT NULL,
  `prenom` varchar(32) NOT NULL,
  `nom` varchar(32) NOT NULL,
  `email` varchar(32) NOT NULL
) ENGINE=InnoDB AUTO_INCREMENT=18 DEFAULT CHARSET=latin1;

--
-- Contenu de la table `USERS`
--

INSERT INTO `USERS` (`id`, `login`, `password`, `prenom`, `nom`, `email`) VALUES
(1, 'chrisg', 0x2a36344235323933373143453337453630314532364434394235464434304238434141463238413446, 'Christian', 'Mm', 'christian.mm@lip6.fr'),
(2, 'hugowyb', 0x2a33303436323432344145353144393441374238353141373744393938343330363746424438374632, 'Hugo', 'Wyborska', 'hugo.wyborska@lip6.fr'),
(3, 'jerryw', 0x2a34333137333234414146344139413734314644383845394436424132324441383734453930363944, 'JerryTomCharlie', 'Wednesday', 'jerry.wednesday@lip6.fr'),
(7, 'colonelBlotto', 0x2a34354231373041314335324244393433313945333332373546363744453032393830394238333045, 'Colonel', 'Blotto', 'cblotto@lip6.fr'),
(9, 'nguyenfati', 0x2a30343932314641303131454633313442464431423434393034453544314234373130393235353131, 'Fatemeh', 'Nguyen', 'fatemeh.hamissi@lip6.fr'),
(10, 'laurahamissi', 0x2a37313834413445373146413935333344304536463338324145364331413135313138423134413535, 'Laura', 'Hamissi', 'laura.hamissi@lip6.fr'),
(11, 'javad26', 0x2a34343241363244453730324132434432314135443842343738364438363536313234383632333445, 'Javad', 'Ezati', 'javad.ezati@lip6.fr'),
(12, 'totodahab', 0x2a31433638383244414442443746423944353037443335413546323131393139453139393444443236, 'Toto', 'Pizza', 'toto.pizza@lip6.fr'),
(13, 'eclipse', 0x2a36333643304237314236383736463244323435394538453134433033313845453635454139383631, 'Eclipse', 'KitKat', 'eclipse.kitkat@lip6.fr'),
(14, 'eliotghanillon', 0x2a32444133383943383839333239374635374333353644443832464442393539364645304442373334, 'Elliot', 'Ghanillon', 'eliot.ghanillon@isir.fr'),
(15, 'dyvessaintlaurent', 0x2a31383443393835433233463843364237313038334533333942463338424638374143463741333539, 'Dyves', 'Saint-Laurent', 'dsl@lip6.fr'),
(16, 'felixtaquin', 0x2a34324334444642424331413645314331313345453643383242344346464634333043433345333037, 'Felix', 'Taquin', 'felix.taquin@lip6.fr'),
(17, 'hesigual', 0x2a44413243364545423043364237424336393231314145303342394645313834323546434445354534, 'Hesi', 'Gual', 'hesi.gual@isir.fr');

--
-- Index pour les tables exportées
--

--
-- Index pour la table `FRIENDS`
--
ALTER TABLE `FRIENDS`
 ADD PRIMARY KEY (`source`,`cible`), ADD KEY `cible` (`cible`);

--
-- Index pour la table `SESSIONS`
--
ALTER TABLE `SESSIONS`
 ADD PRIMARY KEY (`key_user`), ADD UNIQUE KEY `indexSessions` (`key_user`,`idUser`), ADD KEY `idUser` (`idUser`);

--
-- Index pour la table `USERS`
--
ALTER TABLE `USERS`
 ADD PRIMARY KEY (`id`), ADD UNIQUE KEY `login` (`login`);

--
-- AUTO_INCREMENT pour les tables exportées
--

--
-- AUTO_INCREMENT pour la table `USERS`
--
ALTER TABLE `USERS`
MODIFY `id` int(11) NOT NULL AUTO_INCREMENT,AUTO_INCREMENT=18;
--
-- Contraintes pour les tables exportées
--

--
-- Contraintes pour la table `FRIENDS`
--
ALTER TABLE `FRIENDS`
ADD CONSTRAINT `FRIENDS_ibfk_1` FOREIGN KEY (`source`) REFERENCES `USERS` (`id`),
ADD CONSTRAINT `FRIENDS_ibfk_2` FOREIGN KEY (`cible`) REFERENCES `USERS` (`id`);

--
-- Contraintes pour la table `SESSIONS`
--
ALTER TABLE `SESSIONS`
ADD CONSTRAINT `SESSIONS_ibfk_1` FOREIGN KEY (`idUser`) REFERENCES `USERS` (`id`);

/*!40101 SET CHARACTER_SET_CLIENT=@OLD_CHARACTER_SET_CLIENT */;
/*!40101 SET CHARACTER_SET_RESULTS=@OLD_CHARACTER_SET_RESULTS */;
/*!40101 SET COLLATION_CONNECTION=@OLD_COLLATION_CONNECTION */;
